Workbook

Sheet คำแนะนำ
B2: Go-Live Checklist Template
B3: เช็คลิสต์มาตรฐานก่อนนำระบบขึ้นใช้งานจริง (Go-Live) — ครอบคลุมประเด็นหลักที่มักถูกมองข้าม
B5: วิธีใช้งาน
B6: 1. รายการในชีท "Go-Live Checklist" เป็นรายการมาตรฐานที่ใช้ได้กับโครงการทั่วไป — ลบ/เพิ่มรายการให้ตรงกับโครงการจริง
B7: 2. กรอกผู้รับผิดชอบและวันที่เป้าหมายในช่องสีเหลือง
B8: 3. อัปเดตคอลัมน์ Status เป็น Done เมื่อทำเสร็จ — ระบบจะคำนวณ % ความพร้อมให้อัตโนมัติในชีท Summary
B9: 4. แนะนำให้ทุกรายการเป็น Done (หรือ N/A พร้อมเหตุผลในหมายเหตุ) ก่อนตัดสินใจ Go-Live จริง
B11: สัญลักษณ์ / คำอธิบาย
B12: สีเหลือง = ช่องที่ต้องกรอกข้อมูลเอง (input cells)
B13: เขียว = Done
B14: เหลืองอำพัน = In Progress
B15: แดง = Not Started

Sheet Go-Live Checklist
A1: No. | B1: Category | C1: Checklist Item | D1: Responsible | E1: Status | F1: Target Date | G1: Completed Date | H1: Remarks
A2: =ROW()-1 -> 1 | B2: Infrastructure | C2: จัดเตรียม Production environment (server/hosting) พร้อมใช้งานจริง | E2: Not Started
A3: =ROW()-1 -> 2 | B3: Infrastructure | C3: ตั้งค่า Domain / SSL Certificate เรียบร้อย | E3: Not Started
A4: =ROW()-1 -> 3 | B4: Infrastructure | C4: ตั้งค่า Backup & Restore ระบบอัตโนมัติ | E4: Not Started
A5: =ROW()-1 -> 4 | B5: Infrastructure | C5: ทดสอบแผน Rollback กรณี Go-Live แล้วพบปัญหาร้ายแรง | E5: Not Started
A6: =ROW()-1 -> 5 | B6: Data | C6: Migrate ข้อมูลจากระบบเดิม (ถ้ามี) และตรวจสอบความถูกต้องครบถ้วน | E6: Not Started
A7: =ROW()-1 -> 6 | B7: Data | C7: สำรองข้อมูล (Backup) ก่อน Go-Live เรียบร้อย | E7: Not Started
A8: =ROW()-1 -> 7 | B8: Security | C8: ตรวจสอบสิทธิ์การเข้าถึงระบบ (Access Control) ของผู้ใช้งานจริง | E8: Not Started
A9: =ROW()-1 -> 8 | B9: Security | C9: ปิด/ลบบัญชีทดสอบ (Test Account) และข้อมูลทดสอบออกจาก Production | E9: Not Started
A10: =ROW()-1 -> 9 | B10: Testing | C10: UAT ผ่านและมีการลงนามรับรองผลแล้ว (UAT Sign-off) | E10: Not Started
A11: =ROW()-1 -> 10 | B11: Testing | C11: Smoke Test บน Production environment ผ่านทุกรายการหลัก | E11: Not Started
A12: =ROW()-1 -> 11 | B12: Monitoring & Support | C12: ตั้งค่าระบบ Monitoring / Alert สำหรับ Production | E12: Not Started
A13: =ROW()-1 -> 12 | B13: Monitoring & Support | C13: จัดทีม Support พร้อมรับเรื่องช่วงหลัง Go-Live (Hypercare) | E13: Not Started
... A17: =ROW()-1 -> 16 | B17: Training & Communication | C17: จัดประชุม Go/No-Go decision ก่อนวัน Go-Live จริง | E17: Not Started
A18: =ROW()-1 -> 17 | E18: Not Started
A19: =ROW()-1 -> 18 | E19: Not Started
A20: =ROW()-1 -> 19 | E20: Not Started

Sheet Summary
A1: Go-Live Readiness Summary
A3: สถานะ | B3: จำนวน
A4: Total Items | B4: =COUNTA('Go-Live Checklist'!A2:A20) -> 19
A5: Done | B5: =COUNTIF('Go-Live Checklist'!E2:E20,"Done") -> 0
A6: In Progress | B6: =COUNTIF('Go-Live Checklist'!E2:E20,"In Progress") -> 0
A7: Not Started | B7: =COUNTIF('Go-Live Checklist'!E2:E20,"Not Started") -> 19
A8: N/A | B8: =COUNTIF('Go-Live Checklist'!E2:E20,"N/A") -> 0
A10: % Readiness | B10: =IFERROR(B5/(B4-B8),0) -> 0
A12: % Readiness = Done / (Total - N/A) — คำนวณจากสูตร COUNTIF/COUNTA อัตโนมัติ ไม่รวมรายการที่ไม่เกี่ยวข้อง (N/A)
