Workbook

Sheet คำแนะนำ
B2: RAID Log Template (Risk / Assumption / Issue / Dependency)
B3: เทมเพลตมาตรฐานสำหรับบันทึกและติดตาม Risk, Assumption, Issue, Dependency ของโครงการในที่เดียว
B5: RAID คืออะไร
B6: Risk (R) — เหตุการณ์ที่ "อาจ" เกิดขึ้นในอนาคตและจะกระทบโครงการถ้าเกิดขึ้นจริง เช่น ส่งมอบล่าช้าจนโดนค่าปรับ
B7: Assumption (A) — สิ่งที่ทีมงาน "สมมติ" ว่าเป็นจริงในการวางแผน โดยยังไม่ได้ยืนยัน หากผิดจากที่สมมติจะกระทบแผนงาน
B8: Issue (I) — ปัญหาที่ "เกิดขึ้นแล้วจริง" ในปัจจุบันและต้องแก้ไข (ต่างจาก Risk ที่ยังไม่เกิด)
B9: Dependency (D) — งาน/ข้อมูล/ทรัพยากรจากภายนอกทีม (เช่น ต้องรอข้อมูลจากลูกค้า) ที่โครงการต้องพึ่งพาเพื่อให้เดินหน้าต่อได้
B11: วิธีใช้งาน
B12: 1. ชีท "RAID Log" — บันทึกทีละรายการ 1 แถว เลือก Type จาก dropdown ก่อน แล้วกรอกรายละเอียด
B13: 2. คอลัมน์ Likelihood / Impact / Risk Score ใช้เฉพาะรายการ Type = Risk เท่านั้น (รายการอื่นเว้นว่างได้)
B14: 3. Risk Score คำนวณอัตโนมัติจาก Likelihood x Impact (High=3, Medium=2, Low=1) และแปลงเป็น Priority ด้วยสูตร ไม่ต้องกรอกเอง
B15: 4. ทบทวน RAID Log เป็นระยะ (เช่น ทุกสัปดาห์) และอัปเดตคอลัมน์ Status
... B23: เขียว = Priority ต่ำ (Low) หรือ Status ปิดแล้ว (Closed/Resolved)

Sheet RAID Log
A1: ID | B1: Type | C1: Category | D1: Description | E1: Impact if Unaddressed | F1: Likelihood (Risk only) | G1: Impact Level | H1: Risk Score | I1: Priority | J1: Mitigation / Response Plan | K1: Owner | L1: Status | M1: Date Raised | N1: Target / Resolved Date | O1: Remarks
A2: =IF(B2="","",VLOOKUP(B2,{"Risk","R";"Assumption","A";"Issue","I";"Dependency","D"},2,0)&TEXT(ROW()-1,"000")) -> R001 | B2: Risk | C2: ตารางเวลา | D2: ส่งมอบงวดที่ 3 ล่าช้ากว่ากำหนดในสัญญา | E2: โดนค่าปรับรายวันสูงสุดในโครงการ และเสี่ยงเข้าเงื่อนไขยกเลิกสัญญาหากสะสมเกิน 10% ของมูลค่าโครงการ | F2: Medium | G2: High | H2: =IF(OR(F2="",G2=""),"",(IF(F2="High",3,IF(F2="Medium",2,IF(F2="Low",1,0))))*(IF(G2="High",3,IF(G2="Medium",2,IF(G2="Low",1,0))))) -> 6 | I2: =IF(H2="","",IF(H2>=6,"High",IF(H2>=3,"Medium","Low"))) -> High | J2: ติดตามความคืบหน้ารายสัปดาห์ เผื่อ buffer เวลาในงานที่มีความเสี่ยงสูง และแจ้งเตือนล่วงหน้าเมื่อพบสัญญาณล่าช้า | K2: [PM] | L2: Open | O2: ตัวอย่าง — แก้ไข/ลบแถวนี้เป็นข้อมูลจริง
A3: =IF(B3="","",VLOOKUP(B3,{"Risk","R";"Assumption","A";"Issue","I";"Dependency","D"},2,0)&TEXT(ROW()-1,"000")) -> A002 | B3: Assumption | C3: API/ข้อมูล | D3: สมมติว่าฝั่งลูกค้าจะส่งสิทธิ์เข้าถึง API ภายในกำหนดที่ตกลงกัน | E3: หากไม่ได้ตามกำหนด งานพัฒนาที่ต้องเชื่อมต่อ API จะเริ่มไม่ได้ตามแผน | H3: =IF(OR(F3="",G3=""),"",(IF(F3="High",3,IF(F3="Medium",2,IF(F3="Low",1,0))))*(IF(G3="High",3,IF(G3="Medium",2,IF(G3="Low",1,0))))) | I3: =IF(H3="","",IF(H3>=6,"High",IF(H3>=3,"Medium","Low"))) | J3: ยืนยันกำหนดการกับลูกค้าเป็นลายลักษณ์อักษร (email/MOM) และติดตามล่วงหน้า 1 สัปดาห์ก่อนถึงกำหนด | K3: [BA] | L3: Monitoring | O3: ตัวอย่าง — แก้ไข/ลบแถวนี้เป็นข้อมูลจริง
A4: =IF(B4="","",VLOOKUP(B4,{"Risk","R";"Assumption","A";"Issue","I";"Dependency","D"},2,0)&TEXT(ROW()-1,"000")) -> I003 | B4: Issue | C4: ระบบ/เทคนิค | D4: Environment สำหรับทดสอบ (SIT) ยังไม่พร้อมใช้งานตามแผน | E4: ทีม QA เริ่มทดสอบไม่ได้ตามกำหนดในแผนงาน | H4: =IF(OR(F4="",G4=""),"",(IF(F4="High",3,IF(F4="Medium",2,IF(F4="Low",1,0))))*(IF(G4="High",3,IF(G4="Medium",2,IF(G4="Low",1,0))))) | I4: =IF(H4="","",IF(H4>=6,"High",IF(H4>=3,"Medium","Low"))) | J4: ประสาน IT เร่งจัดเตรียม environment และปรับแผนทดสอบชั่วคราวหากจำเป็น | K4: [Dev Lead] | L4: Open | O4: ตัวอย่าง — แก้ไข/ลบแถวนี้เป็นข้อมูลจริง
A5: =IF(B5="","",VLOOKUP(B5,{"Risk","R";"Assumption","A";"Issue","I";"Dependency","D"},2,0)&TEXT(ROW()-1,"000")) -> D004 | B5: Dependency | C5: ข้อมูลจากลูกค้า | D5: ต้องรอเกณฑ์การแบ่งกลุ่มลูกค้าจากฝ่ายลูกค้าเพื่อออกแบบ Rich Menu | E5: ออกแบบ UI ส่วนที่เกี่ยวข้องต่อไม่ได้จนกว่าจะได้ข้อมูล | H5: =IF(OR(F5="",G5=""),"",(IF(F5="High",3,IF(F5="Medium",2,IF(F5="Low",1,0))))*(IF(G5="High",3,IF(G5="Medium",2,IF(G5="Low",1,0))))) | I5: =IF(H5="","",IF(H5>=6,"High",IF(H5>=3,"Medium","Low"))) | J5: ส่งหนังสือ/อีเมลขอข้อมูลอย่างเป็นทางการ พร้อมกำหนดวันที่ต้องการล่วงหน้า | K5: [BA] | L5: Open | O5: ตัวอย่าง — แก้ไข/ลบแถวนี้เป็นข้อมูลจริง
A6: =IF(B6="","",VLOOKUP(B6,{"Risk","R";"Assumption","A";"Issue","I";"Dependency","D"},2,0)&TEXT(ROW()-1,"000")) | H6: =IF(OR(F6="",G6=""),"",(IF(F6="High",3,IF(F6="Medium",2,IF(F6="Low",1,0))))*(IF(G6="High",3,IF(G6="Medium",2,IF(G6="Low",1,0))))) | I6: =IF(H6="","",IF(H6>=6,"High",IF(H6>=3,"Medium","Low")))
A7: =IF(B7="","",VLOOKUP(B7,{"Risk","R";"Assumption","A";"Issue","I";"Dependency","D"},2,0)&TEXT(ROW()-1,"000")) | H7: =IF(OR(F7="",G7=""),"",(IF(F7="High",3,IF(F7="Medium",2,IF(F7="Low",1,0))))*(IF(G7="High",3,IF(G7="Medium",2,IF(G7="Low",1,0))))) | I7: =IF(H7="","",IF(H7>=6,"High",IF(H7>=3,"Medium","Low")))
A8: =IF(B8="","",VLOOKUP(B8,{"Risk","R";"Assumption","A";"Issue","I";"Dependency","D"},2,0)&TEXT(ROW()-1,"000")) | H8: =IF(OR(F8="",G8=""),"",(IF(F8="High",3,IF(F8="Medium",2,IF(F8="Low",1,0))))*(IF(G8="High",3,IF(G8="Medium",2,IF(G8="Low",1,0))))) | I8: =IF(H8="","",IF(H8>=6,"High",IF(H8>=3,"Medium","Low")))
A9: =IF(B9="","",VLOOKUP(B9,{"Risk","R";"Assumption","A";"Issue","I";"Dependency","D"},2,0)&TEXT(ROW()-1,"000")) | H9: =IF(OR(F9="",G9=""),"",(IF(F9="High",3,IF(F9="Medium",2,IF(F9="Low",1,0))))*(IF(G9="High",3,IF(G9="Medium",2,IF(G9="Low",1,0))))) | I9: =IF(H9="","",IF(H9>=6,"High",IF(H9>=3,"Medium","Low")))
A10: =IF(B10="","",VLOOKUP(B10,{"Risk","R";"Assumption","A";"Issue","I";"Dependency","D"},2,0)&TEXT(ROW()-1,"000")) | H10: =IF(OR(F10="",G10=""),"",(IF(F10="High",3,IF(F10="Medium",2,IF(F10="Low",1,0))))*(IF(G10="High",3,IF(G10="Medium",2,IF(G10="Low",1,0))))) | I10: =IF(H10="","",IF(H10>=6,"High",IF(H10>=3,"Medium","Low")))
A11: =IF(B11="","",VLOOKUP(B11,{"Risk","R";"Assumption","A";"Issue","I";"Dependency","D"},2,0)&TEXT(ROW()-1,"000")) | H11: =IF(OR(F11="",G11=""),"",(IF(F11="High",3,IF(F11="Medium",2,IF(F11="Low",1,0))))*(IF(G11="High",3,IF(G11="Medium",2,IF(G11="Low",1,0))))) | I11: =IF(H11="","",IF(H11>=6,"High",IF(H11>=3,"Medium","Low")))
A12: =IF(B12="","",VLOOKUP(B12,{"Risk","R";"Assumption","A";"Issue","I";"Dependency","D"},2,0)&TEXT(ROW()-1,"000")) | H12: =IF(OR(F12="",G12=""),"",(IF(F12="High",3,IF(F12="Medium",2,IF(F12="Low",1,0))))*(IF(G12="High",3,IF(G12="Medium",2,IF(G12="Low",1,0))))) | I12: =IF(H12="","",IF(H12>=6,"High",IF(H12>=3,"Medium","Low")))
A13: =IF(B13="","",VLOOKUP(B13,{"Risk","R";"Assumption","A";"Issue","I";"Dependency","D"},2,0)&TEXT(ROW()-1,"000")) | H13: =IF(OR(F13="",G13=""),"",(IF(F13="High",3,IF(F13="Medium",2,IF(F13="Low",1,0))))*(IF(G13="High",3,IF(G13="Medium",2,IF(G13="Low",1,0))))) | I13: =IF(H13="","",IF(H13>=6,"High",IF(H13>=3,"Medium","Low")))
A14: =IF(B14="","",VLOOKUP(B14,{"Risk","R";"Assumption","A";"Issue","I";"Dependency","D"},2,0)&TEXT(ROW()-1,"000")) | H14: =IF(OR(F14="",G14=""),"",(IF(F14="High",3,IF(F14="Medium",2,IF(F14="Low",1,0))))*(IF(G14="High",3,IF(G14="Medium",2,IF(G14="Low",1,0))))) | I14: =IF(H14="","",IF(H14>=6,"High",IF(H14>=3,"Medium","Low")))
A15: =IF(B15="","",VLOOKUP(B15,{"Risk","R";"Assumption","A";"Issue","I";"Dependency","D"},2,0)&TEXT(ROW()-1,"000")) | H15: =IF(OR(F15="",G15=""),"",(IF(F15="High",3,IF(F15="Medium",2,IF(F15="Low",1,0))))*(IF(G15="High",3,IF(G15="Medium",2,IF(G15="Low",1,0))))) | I15: =IF(H15="","",IF(H15>=6,"High",IF(H15>=3,"Medium","Low")))
A16: =IF(B16="","",VLOOKUP(B16,{"Risk","R";"Assumption","A";"Issue","I";"Dependency","D"},2,0)&TEXT(ROW()-1,"000")) | H16: =IF(OR(F16="",G16=""),"",(IF(F16="High",3,IF(F16="Medium",2,IF(F16="Low",1,0))))*(IF(G16="High",3,IF(G16="Medium",2,IF(G16="Low",1,0))))) | I16: =IF(H16="","",IF(H16>=6,"High",IF(H16>=3,"Medium","Low")))
A17: =IF(B17="","",VLOOKUP(B17,{"Risk","R";"Assumption","A";"Issue","I";"Dependency","D"},2,0)&TEXT(ROW()-1,"000")) | H17: =IF(OR(F17="",G17=""),"",(IF(F17="High",3,IF(F17="Medium",2,IF(F17="Low",1,0))))*(IF(G17="High",3,IF(G17="Medium",2,IF(G17="Low",1,0))))) | I17: =IF(H17="","",IF(H17>=6,"High",IF(H17>=3,"Medium","Low")))
... A26: =IF(B26="","",VLOOKUP(B26,{"Risk","R";"Assumption","A";"Issue","I";"Dependency","D"},2,0)&TEXT(ROW()-1,"000")) | H26: =IF(OR(F26="",G26=""),"",(IF(F26="High",3,IF(F26="Medium",2,IF(F26="Low",1,0))))*(IF(G26="High",3,IF(G26="Medium",2,IF(G26="Low",1,0))))) | I26: =IF(H26="","",IF(H26>=6,"High",IF(H26>=3,"Medium","Low")))

Sheet Summary
A1: RAID Log Summary
A3: แยกตาม Type | B3: จำนวน
A4: Risk | B4: =COUNTIF('RAID Log'!B2:B26,"Risk") -> 1
A5: Assumption | B5: =COUNTIF('RAID Log'!B2:B26,"Assumption") -> 1
A6: Issue | B6: =COUNTIF('RAID Log'!B2:B26,"Issue") -> 1
A7: Dependency | B7: =COUNTIF('RAID Log'!B2:B26,"Dependency") -> 1
A9: แยกตาม Priority (เฉพาะ Risk) | B9: จำนวน
A10: High | B10: =COUNTIF('RAID Log'!I2:I26,"High") -> 1
A11: Medium | B11: =COUNTIF('RAID Log'!I2:I26,"Medium") -> 0
A12: Low | B12: =COUNTIF('RAID Log'!I2:I26,"Low") -> 0
A14: แยกตาม Status | B14: จำนวน
A15: Open | B15: =COUNTIF('RAID Log'!L2:L26,"Open") -> 3
A16: Monitoring | B16: =COUNTIF('RAID Log'!L2:L26,"Monitoring") -> 1
A17: Mitigated | B17: =COUNTIF('RAID Log'!L2:L26,"Mitigated") -> 0
A18: Resolved | B18: =COUNTIF('RAID Log'!L2:L26,"Resolved") -> 0
A19: Closed | B19: =COUNTIF('RAID Log'!L2:L26,"Closed") -> 0
A21: ตัวเลขทั้งหมดเป็นสูตร COUNTIF อ้างอิงชีท RAID Log — อัปเดตอัตโนมัติเมื่อแก้ไขข้อมูล
