Workbook

Sheet คำแนะนำ
B2: Test Case Template (มาตรฐาน QA)
B3: เทมเพลตมาตรฐานสำหรับเขียน test case, ติดตามผลทดสอบ, และบันทึก defect — ใช้ได้กับทุกโครงการ
B5: วิธีใช้งาน
B6: 1. ชีท "Test Cases" — เขียน test case ทีละแถว 1 เคส ใช้แถวตัวอย่าง (แถวที่ 2) เป็นแนวทาง
B7: 2. คอลัมน์ Test Case ID (A) จะเรียงเลขอัตโนมัติด้วยสูตร ไม่ต้องพิมพ์เอง
B8: 3. คอลัมน์ Status ใช้ dropdown เท่านั้น (Not Run / Pass / Fail / Blocked) เพื่อให้สูตรในชีท Summary นับได้ถูกต้อง
B9: 4. ชีท "Summary" คำนวณจำนวน Pass/Fail/Blocked/Not Run และ % Pass Rate อัตโนมัติจากชีท Test Cases — ไม่ต้องแก้ไขด้วยมือ
B10: 5. เคสไหน Fail ให้เปิดบันทึกในชีท "Defect Log" พร้อมอ้างอิง Test Case ID กลับมาที่ชีทแรก
B12: สัญลักษณ์ / คำอธิบาย
B13: สีเหลือง = ช่องที่ต้องกรอกข้อมูลเอง (input cells)
B14: ตัวเอียงสีเทา = แถวตัวอย่าง (ตัวอย่างรูปแบบข้อมูล) ลบ/แก้ไขเป็นข้อมูลจริงได้
B15: เขียว = Pass
... B19: สูตรในชีท Summary (COUNTIF/COUNTA) จะคำนวณใหม่อัตโนมัติเมื่อแก้ไขข้อมูลในชีท Test Cases — อย่าเขียนตัวเลขทับสูตร เพิ่มแถวได้ตามจำนวน test case จริง (คัดลอกรูปแบบแถวว่างด้านล่างลงมา)

Sheet Test Cases
A1: Test Case ID | B1: Module / Feature | C1: Test Scenario | D1: Precondition | E1: Test Steps | F1: Test Data | G1: Expected Result | H1: Actual Result | I1: Status | J1: Priority | K1: Tested By | L1: Date Tested | M1: Defect ID / Remarks
A2: ="TC"&TEXT(ROW()-1,"000") -> TC001 | B2: [ตัวอย่าง] Login | C2: ผู้ใช้ล็อกอินด้วย username/password ที่ถูกต้อง | D2: มีบัญชีผู้ใช้ที่ใช้งานได้ในระบบแล้ว | E2: 1. เปิดหน้า Login 2. กรอก username/password ที่ถูกต้อง 3. กดปุ่ม Login | F2: username: testuser1 password: Passw0rd! | G2: เข้าสู่ระบบสำเร็จ และแสดงหน้า Dashboard | H2: เข้าสู่ระบบสำเร็จตามที่คาดหวัง | I2: Pass | J2: High | K2: [ผู้ทดสอบ] | M2: ตัวอย่าง — แก้ไข/ลบแถวนี้เป็นข้อมูลจริง
A3: ="TC"&TEXT(ROW()-1,"000") -> TC002
A4: ="TC"&TEXT(ROW()-1,"000") -> TC003
A5: ="TC"&TEXT(ROW()-1,"000") -> TC004
A6: ="TC"&TEXT(ROW()-1,"000") -> TC005
A7: ="TC"&TEXT(ROW()-1,"000") -> TC006
A8: ="TC"&TEXT(ROW()-1,"000") -> TC007
A9: ="TC"&TEXT(ROW()-1,"000") -> TC008
A10: ="TC"&TEXT(ROW()-1,"000") -> TC009
A11: ="TC"&TEXT(ROW()-1,"000") -> TC010
A12: ="TC"&TEXT(ROW()-1,"000") -> TC011
A13: ="TC"&TEXT(ROW()-1,"000") -> TC012
A14: ="TC"&TEXT(ROW()-1,"000") -> TC013
... A26: ="TC"&TEXT(ROW()-1,"000") -> TC025

Sheet Summary
A1: Test Execution Summary
A3: สถานะ | B3: จำนวน
A4: Total Test Cases | B4: =COUNTA('Test Cases'!A2:A26) -> 25
A5: Pass | B5: =COUNTIF('Test Cases'!I2:I26,"Pass") -> 1
A6: Fail | B6: =COUNTIF('Test Cases'!I2:I26,"Fail") -> 0
A7: Blocked | B7: =COUNTIF('Test Cases'!I2:I26,"Blocked") -> 0
A8: Not Run | B8: =COUNTIF('Test Cases'!I2:I26,"Not Run") -> 0
A10: Pass Rate (%) | B10: =IFERROR(B5/B4,0) -> 0.04
A12: คำอธิบาย / Legend
A13: ตัวเลขทั้งหมดเป็นสูตร COUNTIF/COUNTA อ้างอิงคอลัมน์ Status ในชีท Test Cases — อัปเดตอัตโนมัติเมื่อแก้ไขสถานะ test case

Sheet Defect Log
A1: Defect ID | B1: Test Case ID Ref. | C1: Defect Summary | D1: Severity | E1: Status | F1: Reported By | G1: Date Reported | H1: Assigned To | I1: Fix Date | J1: Remarks
A2: ="DEF"&TEXT(ROW()-1,"000") -> DEF001 | B2: TC001 | C2: [ตัวอย่าง] ปุ่ม Login ไม่ทำงานเมื่อกด Enter | D2: Medium | E2: Open | F2: [ผู้แจ้ง] | H2: [ผู้รับผิดชอบ] | J2: ตัวอย่าง — แก้ไข/ลบแถวนี้เป็นข้อมูลจริง
A3: ="DEF"&TEXT(ROW()-1,"000") -> DEF002
A4: ="DEF"&TEXT(ROW()-1,"000") -> DEF003
A5: ="DEF"&TEXT(ROW()-1,"000") -> DEF004
A6: ="DEF"&TEXT(ROW()-1,"000") -> DEF005
A7: ="DEF"&TEXT(ROW()-1,"000") -> DEF006
A8: ="DEF"&TEXT(ROW()-1,"000") -> DEF007
A9: ="DEF"&TEXT(ROW()-1,"000") -> DEF008
A10: ="DEF"&TEXT(ROW()-1,"000") -> DEF009
A11: ="DEF"&TEXT(ROW()-1,"000") -> DEF010
A12: ="DEF"&TEXT(ROW()-1,"000") -> DEF011
A13: ="DEF"&TEXT(ROW()-1,"000") -> DEF012
A14: ="DEF"&TEXT(ROW()-1,"000") -> DEF013
... A17: ="DEF"&TEXT(ROW()-1,"000") -> DEF016
